head_id,tail_id,label
DB00006,DB13821,1
DB00007,DB13821,1
DB00014,DB13821,1
DB00035,DB13821,1
DB00080,DB13821,1
DB00104,DB00328,1
DB00115,DB13821,1
DB00118,DB06770,1
DB00120,DB08880,1
DB00122,DB01004,1
DB00126,DB12235,1
DB00130,DB00581,1
DB00134,DB01235,1
DB00135,DB01235,1
DB00136,DB00682,1
DB00140,DB00328,1
DB00142,DB00852,1
DB00145,DB13401,1
DB00146,DB14652,1
DB00150,DB00682,1
DB00153,DB14652,1
DB00155,DB08880,1
DB00158,DB13821,1
DB00162,DB12474,1
DB00163,DB00682,1
DB00165,DB13821,1
DB00168,DB00328,1
DB00169,DB08953,1
DB00173,DB01076,1
DB00175,DB08880,1
DB00177,DB08880,1
DB00179,DB06770,1
DB00180,DB01873,1
DB00181,DB00682,1
DB00186,DB00682,1
DB00188,DB08880,1
DB00189,DB08953,1
DB00190,DB13821,1
DB00193,DB00682,1
DB00194,DB00437,1
DB00196,DB00682,1
DB00197,DB06786,1
DB00198,DB13821,1
DB00199,DB08880,1
DB00203,DB00328,1
DB00204,DB01873,1
DB00205,DB01076,1
DB00206,DB00682,1
DB00207,DB01873,1
DB00209,DB08953,1
DB00210,DB00936,1
DB00211,DB00328,1
DB00212,DB00328,1
DB00213,DB13821,1
DB00214,DB08880,1
DB00216,DB00682,1
DB00218,DB00328,1
DB00219,DB08953,1
DB00220,DB08880,1
DB00221,DB00328,1
DB00222,DB00328,1
DB00224,DB00328,1
DB00226,DB00328,1
DB00227,DB01873,1
DB00229,DB13821,1
DB00230,DB00682,1
DB00231,DB00682,1
DB00232,DB00682,1
DB00233,DB00328,1
DB00235,DB13821,1
DB00238,DB00328,1
DB00240,DB12095,1
DB00242,DB08880,1
DB00243,DB00682,1
DB00244,DB08880,1
DB00246,DB00682,1
DB00247,DB00682,1
DB00248,DB00682,1
DB00252,DB08880,1
DB00253,DB12095,1
DB00254,DB13821,1
DB00256,DB09275,1
DB00260,DB14055,1
DB00261,DB08880,1
DB00262,DB08880,1
DB00263,DB06786,1
DB00266,DB08880,1
DB00267,DB13821,1
DB00268,DB08880,1
DB00271,DB13821,1
DB00273,DB01194,1
DB00274,DB13821,1
DB00276,DB08880,1
DB00277,DB01873,1
DB00278,DB13821,1
DB00279,DB08880,1
DB00280,DB08880,1
DB00281,DB08880,1
DB00282,DB13821,1
DB00284,DB00328,1
DB00285,DB08880,1
DB00287,DB00328,1
DB00288,DB12095,1
DB00290,DB13821,1
DB00291,DB08880,1
DB00293,DB08880,1
DB00294,DB13821,1
DB00295,DB08880,1
DB00296,DB08880,1
DB00297,DB12095,1
DB00299,DB08880,1
DB00300,DB13821,1
DB00301,DB00328,1
DB00302,DB06266,1
DB00303,DB13821,1
DB00304,DB00328,1
DB00305,DB08880,1
DB00308,DB13821,1
DB00309,DB01873,1
DB00310,DB00682,1
DB00314,DB13821,1
DB00315,DB08880,1
DB00316,DB08880,1
DB00317,DB08880,1
DB00319,DB13821,1
DB00320,DB00682,1
DB00322,DB08880,1
DB00323,DB00682,1
DB00324,DB08880,1
DB00326,DB00537,1
DB00327,DB00682,1
DB00328,DB08880,1
DB00330,DB13821,1
DB00332,DB08953,1
DB00333,DB00682,1
DB00334,DB08880,1
DB00337,DB08880,1
DB00338,DB08880,1
DB00339,DB13821,1
DB00341,DB00682,1
DB00342,DB00682,1
DB00343,DB08880,1
DB00345,DB01076,1
DB00346,DB01873,1
DB00349,DB00682,1
DB00328,DB00350,1
DB00351,DB00682,1
DB00352,DB08880,1
DB00353,DB01873,1
DB00355,DB13821,1
DB00356,DB08880,1
DB00357,DB00682,1
DB00358,DB00682,1
DB00359,DB08880,1
DB00080,DB00360,1
DB00361,DB01873,1
DB00362,DB03410,1
DB00363,DB08880,1
DB00364,DB13821,1
DB00365,DB08880,1
DB00367,DB00682,1
DB00369,DB13821,1
DB00374,DB08880,1
DB00376,DB08953,1
DB00380,DB13821,1
DB00383,DB08953,1
DB00384,DB08880,1
DB00387,DB08953,1
DB00328,DB00388,1
DB00390,DB08880,1
DB00391,DB00682,1
DB00394,DB08880,1
DB00396,DB08880,1
DB00328,DB00397,1
DB00398,DB08880,1
DB00399,DB13821,1
DB00400,DB14055,1
DB00402,DB08880,1
DB00404,DB00682,1
DB00409,DB08953,1
DB00410,DB06770,1
DB00412,DB08880,1
DB00413,DB00682,1
DB00328,DB00414,1
DB00415,DB13821,1
DB00416,DB08953,1
DB00417,DB14055,1
DB00421,DB00682,1
DB00423,DB08953,1
DB00424,DB14719,1
DB00428,DB08880,1
DB00429,DB12708,1
DB00430,DB13821,1
DB00432,DB13821,1
DB00436,DB00682,1
DB00437,DB13821,1
DB00438,DB13821,1
DB00439,DB08880,1
DB00440,DB00682,1
DB00441,DB08880,1
DB00442,DB08880,1
DB00443,DB08880,1
DB00444,DB08880,1
DB00445,DB08880,1
DB00446,DB08880,1
DB00447,DB13821,1
DB00448,DB08880,1
DB00449,DB01021,1
DB00450,DB09275,1
DB00328,DB00451,1
DB00452,DB13821,1
DB00453,DB09275,1
DB00456,DB13821,1
DB00459,DB12474,1
DB00461,DB08880,1
DB00462,DB08953,1
DB00465,DB08880,1
DB00328,DB00467,1
DB00468,DB08880,1
DB00469,DB00682,1
DB00470,DB00682,1
DB00471,DB08880,1
DB00475,DB08953,1
DB00479,DB13821,1
DB00480,DB13821,1
DB00481,DB08880,1
DB00482,DB08880,1
DB00485,DB00682,1
DB00486,DB00682,1
DB00328,DB00487,1
DB00328,DB00491,1
DB00493,DB13821,1
DB00494,DB08953,1
DB00495,DB08880,1
DB00496,DB12095,1
DB00497,DB12095,1
DB00498,DB08880,1
DB00499,DB13821,1
DB00500,DB00682,1
DB00501,DB08880,1
DB00502,DB08880,1
DB00503,DB08880,1
DB00504,DB09049,1
DB00505,DB08953,1
DB00511,DB01873,1
DB00512,DB13821,1
DB00518,DB01873,1
DB00521,DB00825,1
DB00524,DB00682,1
DB00527,DB14719,1
DB00530,DB08880,1
DB00531,DB08880,1
DB00532,DB08880,1
DB00533,DB08880,1
DB00535,DB13821,1
DB00537,DB00682,1
DB00541,DB01873,1
DB00544,DB08880,1
DB00546,DB00682,1
DB00547,DB08880,1
DB00328,DB00549,1
DB00550,DB08880,1
DB00551,DB00898,1
DB00552,DB13821,1
DB00554,DB08880,1
DB00555,DB00682,1
DB00557,DB12095,1
DB00558,DB13821,1
DB00559,DB08880,1
DB00560,DB13686,1
DB00562,DB00682,1
DB00563,DB08880,1
DB00564,DB08880,1
DB00565,DB14719,1
DB00567,DB08880,1
DB00570,DB08880,1
DB00572,DB14719,1
DB00573,DB00682,1
DB00328,DB00576,1
DB00577,DB13821,1
DB00578,DB14055,1
DB00579,DB00682,1
DB00580,DB00682,1
DB00581,DB01873,1
DB00582,DB00682,1
DB00583,DB13821,1
DB00586,DB08880,1
DB00588,DB08880,1
DB00589,DB00682,1
DB00590,DB00682,1
DB00591,DB08880,1
DB00593,DB12095,1
DB00595,DB08880,1
DB00597,DB13821,1
DB00599,DB00682,1
DB00601,DB08880,1
DB00603,DB00682,1
DB00604,DB08880,1
DB00605,DB00682,1
DB00606,DB00682,1
DB00328,DB00607,1
DB00609,DB14055,1
DB00328,DB00610,1
DB00613,DB08880,1
DB00615,DB00682,1
DB00328,DB00616,1
DB00618,DB09275,1
DB00619,DB08880,1
DB00620,DB08880,1
DB00623,DB08953,1
DB00624,DB08880,1
DB00625,DB08880,1
DB00626,DB13821,1
DB00627,DB00682,1
DB00628,DB00682,1
DB00630,DB13821,1
DB00631,DB08880,1
DB00633,DB00682,1
DB00635,DB08880,1
DB00640,DB00825,1
DB00641,DB08880,1
DB00642,DB08880,1
DB00252,DB00643,1
DB00644,DB09277,1
DB00645,DB14719,1
DB00646,DB01076,1
DB00328,DB00649,1
DB00650,DB08880,1
DB00651,DB13821,1
DB00328,DB00654,1
DB00659,DB08880,1
DB00660,DB00682,1
DB00662,DB08953,1
DB00328,DB00663,1
DB00665,DB13821,1
DB00666,DB09277,1
DB00668,DB00682,1
DB00669,DB08880,1
DB00670,DB08953,1
DB00671,DB14055,1
DB00673,DB00682,1
DB00678,DB00682,1
DB00680,DB08953,1
DB00681,DB13821,1
DB00682,DB08880,1
DB00684,DB13821,1
DB00328,DB00685,1
DB00686,DB13821,1
DB00687,DB01873,1
DB00688,DB08880,1
DB00689,DB13821,1
DB00692,DB13821,1
DB00694,DB08880,1
DB00682,DB00695,1
DB00682,DB00696,1
DB00698,DB13821,1
DB00682,DB00700,1
DB00328,DB00701,1
DB00328,DB00705,1
DB00682,DB00706,1
DB00709,DB13821,1
DB00710,DB13821,1
DB00713,DB13821,1
DB00714,DB08880,1
DB00716,DB13821,1
DB00717,DB01873,1
DB00718,DB13821,1
DB00328,DB00723,1
DB00725,DB08953,1
DB00728,DB14719,1
DB00730,DB13821,1
DB00682,DB00731,1
DB00732,DB08953,1
DB00733,DB13821,1
DB00328,DB00736,1
DB00739,DB14055,1
DB00740,DB08880,1
DB00741,DB01873,1
DB00682,DB00742,1
DB00743,DB13821,1
DB00744,DB08880,1
DB00328,DB00745,1
DB00746,DB09139,1
DB00747,DB08953,1
DB00682,DB00749,1
DB00750,DB14719,1
DB00682,DB00754,1
DB00682,DB00757,1
DB00759,DB08880,1
DB00760,DB13821,1
DB00762,DB01873,1
DB00763,DB08880,1
DB00764,DB08880,1
DB00328,DB00765,1
DB00766,DB06770,1
DB00767,DB08953,1
DB00768,DB00935,1
DB00769,DB14055,1
DB00770,DB08880,1
DB00771,DB08953,1
DB00773,DB08880,1
DB00682,DB00774,1
DB00775,DB13821,1
DB00682,DB00776,1
DB00682,DB00777,1
DB00682,DB00778,1
DB00328,DB00779,1
DB00682,DB00782,1
DB00783,DB08880,1
DB00784,DB08880,1
DB00787,DB13821,1
DB00788,DB08880,1
DB00789,DB13821,1
DB00791,DB06770,1
DB00682,DB00794,1
DB00795,DB08880,1
DB00798,DB13821,1
DB00800,DB13821,1
DB00801,DB08953,1
DB00803,DB13821,1
DB00682,DB00805,1
DB00806,DB08880,1
DB00682,DB00808,1
DB00809,DB09262,1
DB00810,DB08953,1
DB00811,DB13821,1
DB00814,DB01194,1
DB00328,DB00816,1
DB00328,DB00817,1
DB00818,DB08880,1
DB00682,DB00819,1
DB00682,DB00820,1
DB00826,DB06770,1
DB00328,DB00827,1
DB00828,DB13821,1
DB00832,DB08953,1
DB00833,DB13821,1
DB00682,DB00834,1
DB00836,DB08880,1
DB00682,DB00837,1
DB00682,DB00839,1
DB00682,DB00841,1
DB00682,DB00842,1
DB00843,DB08880,1
DB00845,DB08880,1
DB00846,DB12095,1
DB00850,DB08880,1
DB00851,DB08880,1
DB00328,DB00852,1
DB00853,DB13821,1
DB00855,DB06770,1
DB00243,DB00856,1
DB00859,DB08880,1
DB00860,DB01873,1
DB00682,DB00861,1
DB00862,DB01873,1
DB00864,DB08880,1
DB00328,DB00867,1
DB00869,DB09238,1
DB00328,DB00870,1
DB00682,DB00871,1
DB00682,DB00872,1
DB00682,DB00875,1
DB00877,DB08880,1
DB00879,DB06608,1
DB00682,DB00880,1
DB00884,DB13821,1
DB00887,DB08880,1
DB00682,DB00889,1
DB00328,DB00891,1
DB00892,DB14719,1
DB00894,DB13821,1
DB00896,DB12095,1
DB00682,DB00897,1
DB00898,DB08880,1
DB00900,DB13821,1
DB00328,DB00901,1
DB00682,DB00903,1
DB00904,DB08880,1
DB00328,DB00905,1
DB00328,DB00906,1
DB00682,DB00908,1
DB00682,DB00909,1
DB00912,DB01873,1
DB00328,DB00914,1
DB00328,DB00916,1
DB00917,DB08880,1
DB00918,DB08880,1
DB00919,DB06770,1
DB00921,DB08880,1
DB00923,DB13821,1
DB00927,DB08880,1
DB00928,DB13821,1
DB00929,DB13749,1
DB00931,DB09275,1
DB00682,DB00932,1
DB00682,DB00933,1
DB00328,DB00935,1
DB00682,DB00936,1
DB00937,DB14719,1
DB00938,DB12095,1
DB00682,DB00939,1
DB00940,DB08953,1
DB00942,DB08953,1
DB00943,DB01004,1
DB00682,DB00945,1
DB00946,DB08880,1
DB00328,DB00947,1
DB00948,DB14055,1
DB00950,DB08880,1
DB00682,DB00951,1
DB00328,DB00952,1
DB00682,DB00953,1
DB00682,DB00954,1
DB00955,DB13821,1
DB00328,DB00957,1
DB00959,DB01873,1
DB00682,DB00961,1
DB00328,DB00963,1
DB00966,DB08880,1
DB00682,DB00968,1
DB00969,DB08880,1
DB00970,DB08880,1
DB00974,DB13821,1
DB00975,DB13821,1
DB00682,DB00976,1
DB00977,DB08880,1
DB00978,DB08880,1
DB00979,DB09262,1
DB00980,DB08880,1
DB00981,DB09262,1
DB00682,DB00983,1
DB00984,DB14055,1
DB00986,DB08953,1
DB00987,DB08880,1
DB00682,DB00988,1
DB00682,DB00991,1
DB00993,DB08880,1
DB00996,DB08953,1
DB00997,DB01873,1
DB00998,DB08880,1
DB00999,DB08880,1
DB01000,DB14055,1
DB00682,DB01001,1
DB01002,DB08880,1
DB00935,DB01003,1
DB01004,DB13821,1
DB01005,DB08880,1
DB00682,DB01009,1
DB01010,DB13821,1
DB01013,DB08880,1
DB00682,DB01014,1
DB01015,DB08880,1
DB01016,DB08880,1
DB00328,DB01017,1
DB00682,DB01018,1
DB01020,DB13821,1
DB00682,DB01021,1
DB00682,DB01023,1
DB01024,DB08880,1
DB01029,DB08880,1
DB01030,DB08880,1
DB01033,DB01873,1
DB01034,DB03410,1
DB00682,DB01035,1
DB00682,DB01036,1
DB01038,DB12890,1
DB01041,DB08880,1
DB01042,DB08880,1
DB00328,DB01044,1
DB00328,DB01045,1
DB01046,DB13821,1
DB01047,DB08880,1
DB01048,DB13821,1
DB01051,DB01076,1
DB01053,DB08880,1
DB01056,DB08880,1
DB01058,DB08880,1
DB00328,DB01059,1
DB01060,DB13821,1
DB01061,DB14055,1
DB00682,DB01062,1
DB01063,DB08953,1
DB00328,DB01064,1
DB01065,DB08880,1
DB01066,DB13821,1
DB00682,DB01067,1
DB00682,DB01068,1
DB01070,DB14652,1
DB00682,DB01072,1
DB01073,DB08880,1
DB01076,DB01873,1
DB01077,DB13821,1
DB01078,DB01873,1
DB01079,DB08880,1
DB01080,DB08953,1
DB01082,DB13821,1
DB01083,DB14055,1
DB01087,DB08880,1
DB00328,DB01088,1
DB00328,DB01089,1
DB01092,DB01873,1
DB01094,DB08880,1
DB01095,DB08880,1
DB01097,DB08880,1
DB01098,DB01873,1
DB01099,DB13821,1
DB01100,DB08880,1
DB01101,DB08880,1
DB00328,DB01102,1
DB01106,DB08953,1
DB01107,DB08953,1
DB01108,DB01873,1
DB01111,DB13821,1
DB01112,DB13821,1
DB00328,DB01117,1
DB00328,DB01119,1
DB00328,DB01120,1
DB01121,DB08953,1
DB01122,DB09262,1
DB00328,DB01126,1
DB01128,DB01873,1
DB01129,DB13821,1
DB01130,DB12095,1
DB01132,DB08880,1
DB00682,DB01135,1
DB00682,DB01137,1
DB00328,DB01138,1
DB01139,DB13821,1
DB01140,DB13821,1
DB01141,DB14055,1
DB01147,DB14055,1
DB01150,DB13821,1
DB00682,DB01152,1
DB00682,DB01154,1
DB00328,DB01155,1
DB00682,DB01156,1
DB01157,DB13821,1
DB00429,DB01160,1
DB00328,DB01162,1
DB01163,DB14055,1
DB00328,DB01165,1
DB01166,DB08880,1
DB01168,DB08880,1
DB00682,DB01171,1
DB01172,DB13821,1
DB01177,DB08880,1
DB01178,DB08953,1
DB01181,DB08880,1
DB00682,DB01183,1
DB01184,DB08880,1
DB01185,DB14055,1
DB00682,DB01186,1
DB01189,DB14719,1
DB00682,DB01190,1
DB01195,DB08880,1
DB01196,DB08880,1
DB01198,DB08880,1
DB01199,DB08953,1
DB00682,DB01200,1
DB00682,DB01201,1
DB01202,DB08953,1
DB01204,DB08880,1
DB01206,DB08880,1
DB00328,DB01207,1
DB00328,DB01208,1
DB01210,DB12235,1
DB00328,DB01211,1
DB01212,DB13821,1
DB01213,DB13821,1
DB00825,DB01214,1
DB00682,DB01215,1
DB00328,DB01216,1
DB01218,DB08880,1
DB01220,DB14055,1
DB01221,DB08880,1
DB01222,DB08880,1
DB00682,DB01224,1
DB01226,DB08953,1
DB00825,DB01228,1
DB01229,DB08880,1
DB01231,DB08953,1
DB01232,DB08880,1
DB01233,DB08880,1
DB01234,DB08880,1
DB01236,DB12095,1
DB00682,DB01238,1
DB00682,DB01240,1
DB00682,DB01241,1
DB01243,DB12235,1
DB00682,DB01247,1
DB01248,DB01873,1
DB01249,DB13821,1
DB00682,DB01250,1
DB00328,DB01251,1
DB00328,DB01252,1
DB00682,DB01253,1
DB01254,DB08880,1
DB00328,DB01255,1
DB01256,DB01873,1
DB01259,DB08880,1
DB01260,DB12095,1
DB01262,DB08880,1
DB00682,DB01263,1
DB00682,DB01264,1
DB01004,DB01265,1
DB00682,DB01267,1
DB01268,DB08880,1
DB00682,DB01274,1
DB00682,DB01275,1
DB01280,DB08880,1
DB00682,DB01283,1
DB00996,DB01284,1
DB00328,DB01288,1
DB00328,DB01289,1
DB00328,DB01291,1
DB00328,DB01294,1
DB01296,DB12465,1
DB01301,DB13686,1
DB01303,DB01873,1
DB00682,DB01319,1
DB01320,DB08880,1
DB01076,DB01321,1
DB01324,DB08880,1
DB01326,DB13821,1
DB01327,DB13821,1
DB01328,DB13821,1
DB01329,DB13821,1
DB01330,DB13821,1
DB01331,DB13821,1
DB01332,DB13821,1
DB01333,DB13821,1
DB01336,DB08953,1
DB00996,DB01362,1
DB00328,DB01366,1
DB01076,DB01369,1
DB01380,DB01873,1
DB00328,DB01382,1
DB01384,DB01873,1
DB00682,DB01388,1
DB00682,DB01392,1
DB00682,DB01393,1
DB01394,DB01873,1
DB01396,DB01873,1
DB00682,DB01397,1
DB00682,DB01399,1
DB01405,DB08880,1
DB00682,DB01406,1
DB00328,DB01407,1
DB00328,DB01408,1
DB01410,DB08880,1
DB01412,DB01873,1
DB01413,DB13821,1
DB01414,DB13821,1
DB01415,DB13821,1
DB01416,DB13821,1
DB01418,DB08880,1
DB00682,DB01419,1
DB01420,DB13821,1
DB01421,DB13821,1
DB01422,DB03410,1
DB01423,DB08880,1
DB01425,DB12890,1
DB00825,DB01426,1
DB01427,DB13821,1
DB01428,DB13821,1
DB01434,DB04630,1
DB01436,DB14652,1
DB00682,DB01437,1
DB01438,DB13821,1
DB01440,DB08953,1
DB01445,DB08953,1
DB01471,DB04630,1
DB01481,DB14055,1
DB01485,DB14055,1
DB00682,DB01488,1
DB00219,DB01496,1
DB01501,DB08953,1
DB01511,DB08953,1
DB01521,DB04630,1
DB01524,DB04630,1
DB00805,DB01525,1
DB01534,DB08953,1
DB01541,DB14055,1
DB01543,DB14055,1
DB01545,DB08953,1
DB01547,DB08953,1
DB01548,DB09049,1
DB01553,DB08953,1
DB01554,DB04630,1
DB01558,DB08880,1
DB01560,DB08953,1
DB00682,DB01563,1
DB01564,DB14055,1
DB01569,DB14055,1
DB01581,DB14055,1
DB00682,DB01587,1
DB00328,DB01589,1
DB01590,DB08880,1
DB01594,DB08953,1
DB01595,DB08953,1
DB00328,DB01597,1
DB01004,DB01598,1
DB00825,DB01599,1
DB00682,DB01600,1
DB01601,DB08880,1
DB01602,DB14055,1
DB01603,DB14055,1
DB01604,DB14055,1
DB01605,DB14055,1
DB01606,DB08880,1
DB01607,DB14055,1
DB01608,DB09275,1
DB00328,DB01609,1
DB01610,DB13821,1
DB01611,DB08880,1
DB00682,DB01614,1
DB01615,DB08953,1
DB00682,DB01618,1
DB01621,DB08953,1
DB00682,DB01624,1
DB01625,DB08953,1
DB01627,DB14055,1
DB01628,DB08880,1
DB01629,DB08984,1
DB01638,DB13821,1
DB01645,DB08880,1
DB00328,DB01650,1
DB01656,DB08880,1
DB01667,DB01873,1
DB01669,DB06770,1
DB01685,DB13821,1
DB01076,DB01698,1
DB00328,DB01700,1
DB01708,DB15335,1
DB01740,DB06210,1
DB01076,DB01764,1
DB01783,DB14055,1
DB01791,DB08931,1
DB01816,DB08880,1
DB00682,DB01873,1
DB01076,DB01892,1
DB01910,DB03410,1
DB01933,DB06770,1
DB00682,DB01954,1
DB01873,DB01978,1
DB00328,DB02032,1
DB00328,DB02056,1
DB00316,DB02058,1
DB02109,DB06770,1
DB02115,DB08880,1
DB01873,DB02134,1
DB02207,DB08953,1
DB00328,DB02224,1
DB02237,DB06770,1
DB01873,DB02245,1
DB02247,DB13821,1
DB02261,DB14055,1
DB00945,DB02266,1
DB02282,DB06770,1
DB00460,DB02285,1
DB00252,DB02300,1
DB00328,DB02304,1
DB02342,DB06770,1
DB02345,DB06210,1
DB02369,DB11417,1
DB01873,DB02377,1
DB02424,DB06770,1
DB02442,DB06210,1
DB01873,DB02489,1
DB02513,DB03410,1
DB02527,DB08880,1
DB02546,DB08880,1
DB00316,DB02567,1
DB01873,DB02568,1
DB02587,DB13967,1
DB00825,DB02638,1
DB02640,DB06770,1
DB02659,DB08880,1
DB02691,DB14055,1
DB02699,DB12474,1
DB02703,DB08880,1
DB00328,DB02709,1
DB02753,DB06210,1
DB02806,DB08880,1
DB02852,DB08953,1
DB02901,DB14055,1
DB02948,DB06770,1
DB02958,DB06210,1
DB00682,DB02959,1
DB00682,DB03010,1
DB03040,DB09139,1
DB03043,DB06210,1
DB03049,DB06210,1
DB03070,DB06210,1
DB03172,DB06770,1
DB01873,DB03255,1
DB03374,DB08953,1
DB03410,DB08880,1
DB03419,DB14055,1
DB03423,DB06210,1
DB03424,DB06770,1
DB03450,DB13821,1
DB03451,DB08880,1
DB03467,DB08880,1
DB03496,DB08880,1
DB03509,DB06770,1
DB03513,DB06210,1
DB03523,DB08880,1
DB00682,DB03585,1
DB03604,DB08953,1
DB03615,DB13821,1
DB03695,DB06770,1
DB01195,DB03754,1
DB03758,DB14055,1
DB03783,DB08880,1
DB03410,DB03819,1
DB03825,DB06770,1
DB03849,DB08931,1
DB00328,DB03866,1
DB03880,DB06770,1
DB00996,DB03938,1
DB03946,DB06770,1
DB01289,DB03966,1
DB00682,DB04066,1
DB00682,DB04070,1
DB01873,DB04076,1
DB04106,DB06770,1
DB04124,DB06770,1
DB04145,DB13967,1
DB04165,DB08953,1
DB04216,DB08880,1
DB04222,DB06770,1
DB01044,DB04249,1
DB04253,DB06770,1
DB04258,DB14652,1
DB04263,DB13821,1
DB04267,DB09139,1
DB04297,DB06770,1
DB04331,DB06770,1
DB00579,DB04334,1
DB01289,DB04339,1
DB04348,DB08880,1
DB01873,DB04356,1
DB04440,DB06770,1
DB04468,DB06770,1
DB04513,DB13967,1
DB04540,DB08880,1
DB00682,DB04552,1
DB04570,DB13821,1
DB04574,DB08880,1
DB00328,DB04576,1
DB00460,DB04619,1
DB04626,DB13821,1
DB01873,DB04630,1
DB04655,DB06770,1
DB00682,DB04682,1
DB00805,DB04688,1
DB04690,DB08880,1
DB04729,DB13821,1
DB03410,DB04741,1
DB00682,DB04743,1
DB03410,DB04744,1
DB04785,DB06770,1
DB04795,DB09139,1
DB04796,DB14652,1
DB04808,DB13821,1
DB00682,DB04812,1
DB04817,DB13821,1
DB00682,DB04818,1
DB00682,DB04820,1
DB00682,DB04828,1
DB00682,DB04829,1
DB00682,DB04831,1
DB04836,DB09275,1
DB00682,DB04839,1
DB00682,DB04842,1
DB04843,DB08953,1
DB00825,DB04844,1
DB01873,DB04845,1
DB04847,DB08880,1
DB04849,DB06770,1
DB01076,DB04850,1
DB04854,DB08880,1
DB00682,DB04855,1
DB00328,DB04856,1
DB04858,DB06770,1
DB04863,DB13967,1
DB04864,DB09262,1
DB04865,DB14055,1
DB04866,DB06770,1
DB04868,DB08880,1
DB00328,DB04876,1
DB00328,DB04878,1
DB00316,DB04879,1
DB01427,DB04880,1
DB04881,DB08880,1
DB00682,DB04885,1
DB04888,DB08953,1
DB04890,DB13821,1
DB04891,DB14652,1
DB04892,DB09262,1
DB01076,DB04894,1
DB04898,DB13821,1
DB04903,DB08953,1
DB00682,DB04908,1
DB00328,DB04911,1
DB00682,DB04917,1
DB04918,DB13821,1
DB04936,DB09139,1
DB00328,DB04938,1
DB00682,DB04946,1
DB04952,DB06770,1
DB00682,DB04953,1
DB04957,DB08953,1
DB04961,DB06770,1
DB00983,DB04977,1
DB05015,DB08880,1
DB01076,DB05016,1
DB05018,DB13821,1
DB05039,DB12095,1
DB05087,DB06414,1
DB00682,DB05095,1
DB04630,DB05107,1
DB05109,DB08880,1
DB05129,DB06770,1
DB05143,DB11417,1
DB01873,DB05168,1
DB00825,DB05223,1
DB05229,DB13821,1
DB05232,DB14719,1
DB01873,DB05239,1
DB05246,DB14719,1
DB00900,DB05262,1
DB00328,DB05266,1
DB00682,DB05271,1
DB00630,DB05288,1
DB01873,DB05294,1
DB05295,DB14652,1
DB00460,DB05296,1
DB01873,DB05316,1
DB05351,DB08953,1
DB01004,DB05381,1
DB00328,DB05395,1
DB05424,DB06770,1
DB05428,DB06770,1
DB00825,DB05465,1
DB01873,DB05521,1
DB05524,DB06770,1
DB00682,DB05541,1
DB00682,DB05542,1
DB00328,DB05562,1
DB00316,DB05575,1
DB00682,DB05607,1
DB05668,DB06770,1
DB05676,DB08880,1
DB05710,DB08953,1
DB00328,DB05767,1
DB05779,DB06770,1
DB05786,DB06770,1
DB00682,DB05812,1
DB01076,DB05814,1
DB00682,DB05830,1
DB00805,DB05875,1
DB00682,DB05903,1
DB05928,DB08880,1
DB00682,DB05990,1
DB00328,DB06011,1
DB00290,DB06013,1
DB00682,DB06016,1
DB06021,DB06770,1
DB00328,DB06077,1
DB06117,DB14652,1
DB01194,DB06119,1
DB00582,DB06137,1
DB00682,DB06144,1
DB01076,DB06145,1
DB01076,DB06151,1
DB06155,DB08953,1
DB06159,DB06770,1
DB00328,DB06160,1
DB06163,DB06770,1
DB00328,DB06174,1
DB01873,DB06176,1
DB00328,DB06190,1
DB00080,DB06191,1
DB06194,DB14652,1
DB06195,DB06770,1
DB06196,DB13821,1
DB01076,DB06199,1
DB06201,DB08953,1
DB04938,DB06202,1
DB00328,DB06207,1
DB00682,DB06209,1
DB06210,DB08880,1
DB06211,DB13821,1
DB00682,DB06212,1
DB06213,DB13812,1
DB00825,DB06217,1
DB00682,DB06218,1
DB06228,DB08880,1
DB06230,DB13821,1
DB00682,DB06233,1
DB06234,DB08880,1
DB06235,DB08880,1
DB06237,DB08880,1
DB00080,DB06240,1
DB04630,DB06250,1
DB00328,DB06251,1
DB06255,DB13821,1
DB00682,DB06262,1
DB06263,DB06770,1
DB06264,DB08953,1
DB00682,DB06266,1
DB00328,DB06268,1
DB06272,DB14652,1
DB06274,DB09049,1
DB00682,DB06282,1
DB06287,DB08880,1
DB00682,DB06288,1
DB06290,DB08880,1
DB06292,DB08880,1
DB00316,DB06302,1
DB00825,DB06334,1
DB06335,DB08880,1
DB00819,DB06358,1
DB06365,DB06770,1
DB01076,DB06395,1
DB00328,DB06401,1
DB06402,DB13821,1
DB06403,DB08880,1
DB06410,DB14652,1
DB01076,DB06412,1
DB00328,DB06413,1
DB00328,DB06414,1
DB00682,DB06419,1
DB00391,DB06421,1
DB00391,DB06422,1
DB06433,DB06770,1
DB06436,DB06770,1
DB01076,DB06440,1
DB06441,DB13821,1
DB00328,DB06442,1
DB00328,DB06448,1
DB00682,DB06458,1
DB06461,DB06770,1
DB00825,DB06468,1
DB01076,DB06469,1
DB06478,DB06770,1
DB01873,DB06479,1
DB00682,DB06480,1
DB01076,DB06510,1
DB06527,DB08953,1
DB06543,DB13821,1
DB06554,DB08953,1
DB06558,DB13967,1
DB01873,DB06575,1
DB00682,DB06587,1
DB06589,DB08880,1
DB06590,DB13821,1
DB06594,DB08880,1
DB01873,DB06595,1
DB00328,DB06600,1
DB01873,DB06603,1
DB06605,DB08880,1
DB01873,DB06616,1
DB06623,DB13821,1
DB06624,DB08953,1
DB01873,DB06626,1
DB06635,DB13821,1
DB00682,DB06636,1
DB06637,DB13821,1
DB06654,DB08880,1
DB00460,DB06659,1
DB00682,DB06660,1
DB00328,DB06663,1
DB06670,DB08880,1
DB00682,DB06684,1
DB01076,DB06693,1
DB00682,DB06695,1
DB06696,DB13821,1
DB00825,DB06699,1
DB00682,DB06700,1
DB00682,DB06702,1
DB06705,DB13821,1
DB06708,DB08953,1
DB06710,DB13821,1
DB00682,DB06713,1
DB06716,DB08953,1
DB01873,DB06717,1
DB06718,DB14055,1
DB01076,DB06721,1
DB00682,DB06725,1
DB00328,DB06729,1
DB00682,DB06730,1
DB00682,DB06732,1
DB03410,DB06733,1
DB00682,DB06736,1
DB00682,DB06737,1
DB06738,DB08880,1
DB06739,DB08880,1
DB00861,DB06741,1
DB06748,DB06770,1
DB01076,DB06749,1
DB00328,DB06762,1
DB06769,DB08880,1
DB06770,DB08880,1
DB06770,DB06771,1
DB01873,DB06772,1
DB06774,DB08880,1
DB00328,DB06777,1
DB06781,DB12095,1
DB06782,DB13821,1
DB06786,DB12095,1
DB06787,DB08953,1
DB00682,DB06789,1
DB00328,DB06791,1
DB06796,DB13821,1
DB06800,DB13821,1
DB00328,DB06802,1
DB00328,DB06803,1
DB00996,DB06804,1
DB00328,DB06807,1
DB06813,DB13821,1
DB06815,DB13821,1
DB06821,DB14055,1
DB00825,DB06825,1
DB00328,DB06826,1
DB06827,DB14055,1
DB00391,DB07069,1
DB01289,DB07118,1
DB06770,DB07232,1
DB00682,DB07348,1
DB06770,DB07374,1
DB00682,DB07402,1
DB07447,DB14055,1
DB06770,DB07565,1
DB07637,DB08953,1
DB01420,DB07706,1
DB07767,DB13821,1
DB04630,DB07768,1
DB01873,DB07954,1
DB06770,DB08313,1
DB00316,DB08399,1
DB08437,DB13821,1
DB00682,DB08439,1
DB08455,DB12474,1
DB06770,DB08486,1
DB08496,DB08880,1
DB01076,DB08502,1
DB08619,DB14055,1
DB06770,DB08621,1
DB06770,DB08633,1
DB01873,DB08735,1
DB01873,DB08736,1
DB06210,DB08783,1
DB08794,DB08880,1
DB08795,DB14055,1
DB00682,DB08797,1
DB00328,DB08798,1
DB08801,DB08953,1
DB08804,DB14055,1
DB00328,DB08810,1
DB08814,DB13821,1
DB08816,DB13821,1
DB00328,DB08819,1
DB08820,DB08953,1
DB08826,DB13821,1
DB08828,DB08880,1
DB08830,DB12235,1
DB08834,DB14055,1
DB00682,DB08839,1
DB08840,DB13821,1
DB00328,DB08841,1
DB01873,DB08844,1
DB08846,DB08880,1
DB08858,DB12474,1
DB08860,DB08880,1
DB08864,DB08880,1
DB00682,DB08867,1
DB08868,DB08880,1
DB08871,DB08880,1
DB00682,DB08872,1
DB00682,DB08873,1
DB06770,DB08874,1
DB00328,DB08875,1
DB08877,DB08880,1
DB00819,DB08878,1
DB08880,DB08881,1
DB08880,DB08889,1
DB08892,DB08953,1
DB00682,DB08893,1
DB01873,DB08895,1
DB01873,DB08896,1
DB00682,DB08897,1
DB08880,DB08899,1
DB08880,DB08901,1
DB00682,DB08903,1
DB08905,DB13821,1
DB08880,DB08906,1
DB00682,DB08907,1
DB08880,DB08910,1
DB08911,DB13821,1
DB08880,DB08912,1
DB08880,DB08916,1
DB08880,DB08930,1
DB08880,DB08931,1
DB08932,DB13821,1
DB08934,DB13821,1
DB00682,DB08940,1
DB00328,DB08941,1
DB00682,DB08942,1
DB00328,DB08950,1
DB00682,DB08951,1
DB00682,DB08953,1
DB08954,DB14719,1
DB00682,DB08955,1
DB00328,DB08957,1
DB00328,DB08962,1
DB08964,DB09299,1
DB06770,DB08965,1
DB08880,DB08970,1
DB08880,DB08971,1
DB00328,DB08972,1
DB00563,DB08974,1
DB00682,DB08976,1
DB00682,DB08981,1
DB00682,DB08984,1
DB00328,DB08985,1
DB01873,DB08987,1
DB08992,DB12095,1
DB06770,DB08993,1
DB08994,DB13821,1
DB00328,DB08995,1
DB08953,DB08997,1
DB09008,DB13821,1
DB09009,DB14719,1
DB06770,DB09010,1
DB08953,DB09011,1
DB09013,DB11732,1
DB08953,DB09017,1
DB09018,DB12890,1
DB00682,DB09023,1
DB09027,DB13821,1
DB01873,DB09030,1
DB01194,DB09038,1
DB01873,DB09039,1
DB00328,DB09042,1
DB06770,DB09047,1
DB09050,DB13821,1
DB01873,DB09053,1
DB01873,DB09054,1
DB01076,DB09055,1
DB00983,DB09059,1
DB08880,DB09060,1
DB08880,DB09061,1
DB09062,DB13821,1
DB01873,DB09063,1
DB01076,DB09064,1
DB08880,DB09065,1
DB08880,DB09071,1
DB08953,DB09072,1
DB01873,DB09073,1
DB01873,DB09074,1
DB00682,DB09075,1
DB09076,DB14719,1
DB08880,DB09078,1
DB01873,DB09079,1
DB08880,DB09080,1
DB09081,DB13821,1
DB08880,DB09082,1
DB08880,DB09091,1
DB09092,DB13967,1
DB06770,DB09093,1
DB08880,DB09095,1
DB01076,DB09099,1
DB00328,DB09101,1
DB08880,DB09102,1
DB08880,DB09118,1
DB00328,DB09119,1
DB09121,DB13821,1
DB00682,DB09123,1
DB00682,DB09128,1
DB09132,DB13821,1
DB09133,DB13821,1
DB09134,DB13821,1
DB09135,DB13821,1
DB09136,DB13821,1
DB09137,DB13821,1
DB09139,DB13821,1
DB01873,DB09143,1
DB00537,DB09146,1
DB09154,DB13821,1
DB09156,DB13821,1
DB00080,DB09161,1
DB08953,DB09166,1
DB08880,DB09183,1
DB00682,DB09184,1
DB00682,DB09187,1
DB08880,DB09198,1
DB08880,DB09199,1
DB08880,DB09200,1
DB08880,DB09201,1
DB00328,DB09203,1
DB00328,DB09206,1
DB09207,DB12890,1
DB09209,DB13821,1
DB09210,DB13821,1
DB09211,DB14055,1
DB00682,DB09212,1
DB00682,DB09214,1
DB00682,DB09216,1
DB00682,DB09217,1
DB00682,DB09218,1
DB09219,DB13821,1
DB00682,DB09220,1
DB01044,DB09221,1
DB00682,DB09224,1
DB00682,DB09226,1
DB00682,DB09227,1
DB00682,DB09231,1
DB00682,DB09235,1
DB09236,DB12095,1
DB09237,DB12095,1
DB00682,DB09238,1
DB09239,DB12095,1
DB00682,DB09243,1
DB00682,DB09245,1
DB00682,DB09246,1
DB00682,DB09247,1
DB00682,DB09252,1
DB00682,DB09254,1
DB08880,DB09256,1
DB09257,DB13821,1
DB00682,DB09262,1
DB01873,DB09268,1
DB09262,DB09271,1
DB08880,DB09272,1
DB09277,DB13821,1
DB08880,DB09279,1
DB00328,DB09280,1
DB09238,DB09282,1
DB00682,DB09285,1
DB00682,DB09286,1
DB08880,DB09288,1
DB09275,DB09289,1
DB08880,DB09290,1
DB08880,DB09291,1
DB09292,DB13821,1
DB00682,DB09295,1
DB08880,DB09296,1
DB08880,DB09297,1
DB01076,DB09298,1
DB08880,DB09299,1
DB08953,DB09300,1
DB00682,DB09308,1
DB00682,DB09309,1
DB09319,DB14055,1
DB09320,DB13821,1
DB09324,DB13821,1
DB00983,DB09327,1
DB01873,DB09330,1
DB09338,DB13821,1
DB06608,DB09343,1
DB00983,DB09352,1
DB09357,DB13821,1
DB00682,DB09371,1
DB01873,DB09378,1
DB01873,DB09383,1
DB00682,DB09389,1
DB06210,DB09400,1
DB09488,DB13821,1
DB09299,DB09494,1
DB00537,DB09501,1
DB09502,DB13821,1
DB00328,DB09543,1
DB09570,DB13821,1
DB00328,DB11079,1
DB11085,DB13821,1
DB00537,DB11093,1
DB08984,DB11100,1
DB11102,DB13821,1
DB11121,DB13821,1
DB00537,DB11126,1
DB06210,DB11142,1
DB11145,DB13821,1
DB01044,DB11154,1
DB11164,DB13821,1
DB01044,DB11175,1
DB09262,DB11181,1
DB09299,DB11185,1
DB00328,DB11201,1
DB00537,DB11210,1
DB01044,DB11248,1
DB01320,DB11256,1
DB11268,DB14055,1
DB01873,DB11273,1
DB11278,DB13821,1
DB08953,DB11315,1
DB00328,DB11323,1
DB08880,DB11362,1
DB01873,DB11363,1
DB11364,DB13821,1
DB06770,DB11366,1
DB11367,DB13821,1
DB08953,DB11371,1
DB11372,DB14055,1
DB06770,DB11375,1
DB08953,DB11376,1
DB06770,DB11377,1
DB00563,DB11380,1
DB00682,DB11383,1
DB00682,DB11400,1
DB06770,DB11401,1
DB00328,DB11404,1
DB00682,DB11405,1
DB00563,DB11410,1
DB00328,DB11411,1
DB06770,DB11413,1
DB06770,DB11416,1
DB00537,DB11417,1
DB06770,DB11423,1
DB00328,DB11425,1
DB06770,DB11426,1
DB00328,DB11428,1
DB11429,DB14055,1
DB06770,DB11432,1
DB00682,DB11442,1
DB00328,DB11443,1
DB00563,DB11446,1
DB00996,DB11447,1
DB00328,DB11454,1
DB00682,DB11455,1
DB06770,DB11458,1
DB00682,DB11459,1
DB08880,DB11466,1
DB06770,DB11468,1
DB00682,DB11470,1
DB01076,DB11471,1
DB09262,DB11473,1
DB06770,DB11474,1
DB01076,DB11475,1
DB00391,DB11480,1
DB00328,DB11481,1
DB06770,DB11485,1
DB08880,DB11487,1
DB09049,DB11490,1
DB00328,DB11491,1
DB00328,DB11507,1
DB09277,DB11510,1
DB00328,DB11511,1
DB11512,DB13821,1
DB00682,DB11518,1
DB00328,DB11519,1
DB11520,DB13821,1
DB06770,DB11525,1
DB06770,DB11526,1
DB01873,DB11529,1
DB11537,DB14055,1
DB08953,DB11540,1
DB00328,DB11541,1
DB06770,DB11544,1
DB08953,DB11549,1
DB01076,DB11554,1
DB00328,DB11556,1
DB11560,DB13821,1
DB09139,DB11573,1
DB08880,DB11574,1
DB08880,DB11575,1
DB11577,DB13821,1
DB01873,DB11581,1
DB08953,DB11582,1
DB08880,DB11586,1
DB00682,DB11587,1
DB00825,DB11591,1
DB06770,DB11593,1
DB08880,DB11613,1
DB08880,DB11616,1
DB00682,DB11619,1
DB01873,DB11633,1
DB00682,DB11636,1
DB00328,DB11638,1
DB01873,DB11641,1
DB08880,DB11644,1
DB08880,DB11652,1
DB00704,DB11653,1
DB00328,DB11660,1
DB06770,DB11662,1
DB08953,DB11664,1
DB06770,DB11669,1
DB00682,DB11672,1
DB00682,DB11675,1
DB06770,DB11678,1
DB00682,DB11686,1
DB06770,DB11688,1
DB08880,DB11689,1
DB11691,DB13821,1
DB08880,DB11693,1
DB06770,DB11694,1
DB08880,DB11697,1
DB00328,DB11698,1
DB00682,DB11699,1
DB01873,DB11703,1
DB08880,DB11708,1
DB08953,DB11712,1
DB06770,DB11716,1
DB06770,DB11717,1
DB08953,DB11718,1
DB00328,DB11720,1
DB00328,DB11723,1
DB01873,DB11730,1
DB08880,DB11732,1
DB08953,DB11737,1
DB01873,DB11742,1
DB06770,DB11744,1
DB11750,DB12095,1
DB00328,DB11751,1
DB00328,DB11753,1
DB00328,DB11755,1
DB08880,DB11760,1
DB01076,DB11761,1
DB00328,DB11774,1
DB00682,DB11779,1
DB11789,DB14055,1
DB08880,DB11791,1
DB06770,DB11793,1
DB06770,DB11795,1
DB08880,DB11796,1
DB08880,DB11800,1
DB01076,DB11805,1
DB06770,DB11812,1
DB11817,DB13821,1
DB00682,DB11823,1
DB00328,DB11824,1
DB08880,DB11827,1
DB01873,DB11828,1
DB00825,DB11830,1
DB00825,DB11841,1
DB08953,DB11853,1
DB08880,DB11855,1
DB08953,DB11859,1
DB11860,DB12474,1
DB08953,DB11868,1
DB01076,DB11869,1
DB00328,DB11871,1
DB01021,DB11873,1
DB06770,DB11880,1
DB01873,DB11886,1
DB00825,DB11891,1
DB00328,DB11892,1
DB06770,DB11894,1
DB08880,DB11901,1
DB08953,DB11903,1
DB00316,DB11904,1
DB06770,DB11907,1
DB06770,DB11912,1
DB06770,DB11918,1
DB01873,DB11919,1
DB01873,DB11921,1
DB11935,DB13821,1
DB08880,DB11943,1
DB08953,DB11951,1
DB01873,DB11952,1
DB00682,DB11957,1
DB01873,DB11963,1
DB00630,DB11964,1
DB08880,DB11967,1
DB06770,DB11973,1
DB08880,DB11978,1
DB08880,DB11979,1
DB11984,DB13821,1
DB01873,DB11986,1
DB11989,DB13821,1
DB00328,DB11994,1
DB08880,DB11995,1
DB06770,DB11999,1
DB01873,DB12001,1
DB08880,DB12010,1
DB09049,DB12013,1
DB01873,DB12015,1
DB08880,DB12016,1
DB00682,DB12020,1
DB08880,DB12025,1
DB08880,DB12026,1
DB06770,DB12028,1
DB09275,DB12035,1
DB06770,DB12036,1
DB06770,DB12062,1
DB08880,DB12070,1
DB01076,DB12073,1
DB00328,DB12080,1
DB06770,DB12081,1
DB06770,DB12082,1
DB06770,DB12083,1
DB06770,DB12085,1
DB08953,DB12086,1
DB00682,DB12092,1
DB01194,DB12095,1
DB00328,DB12100,1
DB08953,DB12105,1
DB12107,DB13821,1
DB06770,DB12108,1
DB06770,DB12124,1
DB12127,DB14055,1
DB00682,DB12130,1
DB08931,DB12137,1
DB01873,DB12141,1
DB06770,DB12146,1
DB06770,DB12156,1
DB00682,DB12161,1
DB00328,DB12163,1
DB00825,DB12174,1
DB00682,DB12177,1
DB06770,DB12185,1
DB09139,DB12192,1
DB08953,DB12193,1
DB04630,DB12194,1
DB00328,DB12214,1
DB06770,DB12222,1
DB00682,DB12229,1
DB06770,DB12232,1
DB08880,DB12245,1
DB00328,DB12248,1
DB06770,DB12259,1
DB01873,DB12267,1
DB08953,DB12273,1
DB06770,DB12279,1
DB00825,DB12286,1
DB12289,DB13821,1
DB12290,DB13967,1
DB08953,DB12301,1
DB00316,DB12307,1
DB08953,DB12308,1
DB00328,DB12313,1
DB00328,DB12319,1
DB00328,DB12321,1
DB00316,DB12323,1
DB08953,DB12327,1
DB09275,DB12329,1
DB08880,DB12332,1
DB08953,DB12338,1
DB06770,DB12339,1
DB06770,DB12340,1
DB09049,DB12341,1
DB12343,DB14055,1
DB06770,DB12352,1
DB12364,DB13821,1
DB08880,DB12371,1
DB00825,DB12376,1
DB08880,DB12377,1
DB06770,DB12379,1
DB06770,DB12381,1
DB06770,DB12382,1
DB06770,DB12385,1
DB00682,DB12391,1
DB00328,DB12399,1
DB08953,DB12401,1
DB01873,DB12406,1
DB00328,DB12417,1
DB08984,DB12425,1
DB12235,DB12447,1
DB09275,DB12455,1
DB08880,DB12457,1
DB06770,DB12459,1
DB12461,DB14055,1
DB00682,DB12465,1
DB00328,DB12466,1
DB06770,DB12473,1
DB00328,DB12474,1
DB00328,DB12480,1
DB09262,DB12482,1
DB01873,DB12483,1
DB08880,DB12500,1
DB01873,DB12515,1
DB08953,DB12518,1
DB00825,DB12523,1
DB08953,DB12526,1
DB01873,DB12531,1
DB01873,DB12532,1
DB08953,DB12537,1
DB00682,DB12545,1
DB06770,DB12549,1
DB00825,DB12565,1
DB08953,DB12576,1
DB06770,DB12577,1
DB12579,DB12890,1
DB09049,DB12585,1
DB06770,DB12593,1
DB06770,DB12596,1
DB00328,DB12597,1
DB12604,DB13821,1
DB08880,DB12612,1
DB12615,DB13821,1
DB08880,DB12617,1
DB00328,DB12625,1
DB06770,DB12637,1
DB06770,DB12638,1
DB00825,DB12645,1
DB01083,DB12647,1
DB08953,DB12649,1
DB06770,DB12667,1
DB06770,DB12677,1
DB08880,DB12692,1
DB06770,DB12697,1
DB00328,DB12712,1
DB08880,DB12713,1
DB00682,DB12725,1
DB06770,DB12730,1
DB06770,DB12736,1
DB00328,DB12749,1
DB00682,DB12766,1
DB06770,DB12769,1
DB00328,DB12771,1
DB08931,DB12776,1
DB00328,DB12779,1
DB08880,DB12781,1
DB12783,DB13821,1
DB00328,DB12789,1
DB00579,DB12803,1
DB01289,DB12823,1
DB01873,DB12825,1
DB06770,DB12829,1
DB06770,DB12832,1
DB00080,DB12836,1
DB01873,DB12843,1
DB00328,DB12846,1
DB00328,DB12866,1
DB08953,DB12867,1
DB06770,DB12870,1
DB06770,DB12873,1
DB06770,DB12874,1
DB00825,DB12877,1
DB06770,DB12881,1
DB01873,DB12887,1
DB06770,DB12901,1
DB06770,DB12912,1
DB06770,DB12916,1
DB06770,DB12920,1
DB12235,DB12924,1
DB01873,DB12926,1
DB01873,DB12927,1
DB09275,DB12930,1
DB00328,DB12935,1
DB03410,DB12939,1
DB08880,DB12941,1
DB08880,DB12947,1
DB06770,DB12948,1
DB00682,DB12951,1
DB01873,DB12952,1
DB06770,DB12967,1
DB06770,DB12975,1
DB01873,DB12978,1
DB08953,DB12989,1
DB08880,DB12991,1
DB08880,DB12996,1
DB00682,DB13001,1
DB01873,DB13003,1
DB06770,DB13005,1
DB08880,DB13014,1
DB00682,DB13025,1
DB01199,DB13026,1
DB06770,DB13028,1
DB08931,DB13029,1
DB00682,DB13044,1
DB06770,DB13046,1
DB01076,DB13055,1
DB06770,DB13066,1
DB08880,DB13068,1
DB06770,DB13069,1
DB08953,DB13070,1
DB00328,DB13074,1
DB06770,DB13077,1
DB08953,DB13082,1
DB06770,DB13092,1
DB13097,DB14652,1
DB08953,DB13099,1
DB06770,DB13104,1
DB09053,DB13105,1
DB00328,DB13108,1
DB13124,DB13821,1
DB08880,DB13125,1
DB00563,DB13135,1
DB08880,DB13136,1
DB08880,DB13139,1
DB01070,DB13142,1
DB09299,DB13154,1
DB01289,DB13155,1
DB13156,DB13821,1
DB12095,DB13158,1
DB06770,DB13164,1
DB00682,DB13167,1
DB13169,DB14055,1
DB00328,DB13174,1
DB01289,DB13177,1
DB13178,DB13821,1
DB00682,DB13179,1
DB06770,DB13182,1
DB13185,DB13821,1
DB13191,DB13821,1
DB01873,DB13203,1
DB13206,DB13967,1
DB01873,DB13208,1
DB08953,DB13213,1
DB00682,DB13217,1
DB08953,DB13221,1
DB08880,DB13223,1
DB13230,DB14055,1
DB00537,DB13231,1
DB00682,DB13232,1
DB08953,DB13234,1
DB01873,DB13240,1
DB06770,DB13243,1
DB00328,DB13251,1
DB08953,DB13253,1
DB00328,DB13261,1
DB09275,DB13264,1
DB13266,DB13821,1
DB09299,DB13268,1
DB13269,DB13821,1
DB06770,DB13270,1
DB13272,DB14895,1
DB00682,DB13273,1
DB06770,DB13274,1
DB08880,DB13275,1
DB01021,DB13277,1
DB13280,DB14652,1
DB00682,DB13286,1
DB06770,DB13294,1
DB13300,DB14055,1
DB08953,DB13303,1
DB01873,DB13307,1
DB00682,DB13314,1
DB12235,DB13317,1
DB06770,DB13318,1
DB01199,DB13319,1
DB00328,DB13327,1
DB01873,DB13328,1
DB08953,DB13331,1
DB06770,DB13334,1
DB13337,DB14055,1
DB00682,DB13338,1
DB13340,DB13967,1
DB00328,DB13341,1
DB01873,DB13345,1
DB00328,DB13346,1
DB08880,DB13347,1
DB00682,DB13352,1
DB08953,DB13357,1
DB08953,DB13362,1
DB12474,DB13368,1
DB08953,DB13369,1
DB08953,DB13370,1
DB00682,DB13371,1
DB01873,DB13374,1
DB00328,DB13378,1
DB08953,DB13380,1
DB00537,DB13381,1
DB08953,DB13396,1
DB00328,DB13398,1
DB01873,DB13399,1
DB00328,DB13400,1
DB01873,DB13401,1
DB08953,DB13402,1
DB08953,DB13403,1
DB00328,DB13406,1
DB00682,DB13407,1
DB00682,DB13409,1
DB00328,DB13410,1
DB09275,DB13411,1
DB08953,DB13413,1
DB08953,DB13414,1
DB13422,DB13967,1
DB00682,DB13432,1
DB00328,DB13435,1
DB08953,DB13448,1
DB01873,DB13449,1
DB08880,DB13451,1
DB00328,DB13452,1
DB08953,DB13455,1
DB00682,DB13456,1
DB03410,DB13459,1
DB13461,DB13821,1
DB01873,DB13467,1
DB13470,DB13821,1
DB00682,DB13481,1
DB08880,DB13491,1
DB13499,DB13821,1
DB12095,DB13500,1
DB00328,DB13501,1
DB13504,DB13821,1
DB13506,DB14055,1
DB08953,DB13507,1
DB00328,DB13509,1
DB00328,DB13510,1
DB12890,DB13511,1
DB00328,DB13514,1
DB08953,DB13523,1
DB00682,DB13527,1
DB00682,DB13528,1
DB00682,DB13532,1
DB13533,DB14055,1
DB08953,DB13534,1
DB01873,DB13537,1
DB13540,DB13821,1
DB00682,DB13541,1
DB08953,DB13542,1
DB06770,DB13543,1
DB00682,DB13544,1
DB01021,DB13545,1
DB01021,DB13551,1
DB08953,DB13552,1
DB08953,DB13554,1
DB00825,DB13555,1
DB00328,DB13559,1
DB00682,DB13563,1
DB03410,DB13571,1
DB01873,DB13573,1
DB08953,DB13581,1
DB00181,DB13583,1
DB13587,DB14055,1
DB00537,DB13590,1
DB08953,DB13601,1
DB00682,DB13612,1
DB00328,DB13615,1
DB13616,DB13821,1
DB06210,DB13622,1
DB08953,DB13623,1
DB13626,DB14652,1
DB00328,DB13627,1
DB00328,DB13631,1
DB13638,DB13821,1
DB08953,DB13642,1
DB08953,DB13643,1
DB08953,DB13644,1
DB08953,DB13648,1
DB00825,DB13651,1
DB00682,DB13657,1
DB13660,DB14055,1
DB08953,DB13665,1
DB08953,DB13666,1
DB13667,DB13821,1
DB06770,DB13673,1
DB00328,DB13675,1
DB08953,DB13676,1
DB06770,DB13677,1
DB13681,DB13967,1
DB13682,DB13821,1
DB00682,DB13685,1
DB13686,DB14055,1
DB08953,DB13687,1
DB00252,DB13689,1
DB01873,DB13691,1
DB00328,DB13692,1
DB13693,DB14055,1
DB08953,DB13695,1
DB00328,DB13703,1
DB04630,DB13710,1
DB00682,DB13722,1
DB08953,DB13733,1
DB13739,DB14055,1
DB00825,DB13744,1
DB09299,DB13747,1
DB00537,DB13749,1
DB08953,DB13754,1
DB01873,DB13756,1
DB08953,DB13759,1
DB13762,DB14055,1
DB00328,DB13772,1
DB13773,DB14055,1
DB00328,DB13777,1
DB13778,DB13821,1
DB01076,DB13780,1
DB00328,DB13781,1
DB00682,DB13783,1
DB08953,DB13784,1
DB00537,DB13786,1
DB09275,DB13791,1
DB13793,DB13967,1
DB00819,DB13795,1
DB00429,DB13798,1
DB01070,DB13800,1
DB08953,DB13804,1
DB01021,DB13807,1
DB01873,DB13812,1
DB13814,DB14055,1
DB13816,DB14055,1
DB08953,DB13817,1
DB00328,DB13823,1
DB00328,DB13824,1
DB06770,DB13832,1
DB13836,DB14055,1
DB08953,DB13837,1
DB08953,DB13841,1
DB01873,DB13843,1
DB08953,DB13844,1
DB13845,DB13967,1
DB00968,DB13848,1
DB08880,DB13856,1
DB00682,DB13857,1
DB00682,DB13860,1
DB00682,DB13866,1
DB08880,DB13867,1
DB13821,DB13868,1
DB00563,DB13871,1
DB08953,DB13872,1
DB13821,DB13873,1
DB08880,DB13874,1
DB00682,DB13875,1
DB06770,DB13877,1
DB08880,DB13878,1
DB08880,DB13879,1
DB13821,DB13909,1
DB06770,DB13912,1
DB06770,DB13916,1
DB06663,DB13925,1
DB00328,DB13929,1
DB08880,DB13943,1
DB08880,DB13944,1
DB13821,DB13946,1
DB13947,DB14055,1
DB00682,DB13948,1
DB08880,DB13952,1
DB08880,DB13953,1
DB08880,DB13954,1
DB08880,DB13956,1
DB13958,DB14055,1
DB09299,DB13960,1
DB13821,DB13967,1
DB00682,DB13981,1
DB06663,DB13985,1
DB11417,DB13995,1
DB01083,DB14001,1
DB13821,DB14006,1
DB13821,DB14007,1
DB00682,DB14010,1
DB08880,DB14011,1
DB01873,DB14018,1
DB00682,DB14019,1
DB00328,DB14025,1
DB00328,DB14027,1
DB08953,DB14028,1
DB00328,DB14033,1
DB00328,DB14035,1
DB08953,DB14043,1
DB08953,DB14050,1
DB06770,DB14051,1
DB06770,DB14052,1
DB08880,DB14055,1
DB06770,DB14056,1
DB03410,DB14058,1
DB00682,DB14059,1
DB00682,DB14060,1
DB06770,DB14067,1
DB12095,DB14068,1
DB00080,DB14069,1
DB01428,DB14074,1
DB14055,DB14093,1
DB13821,DB14094,1
DB13821,DB14126,1
DB01873,DB14132,1
DB09299,DB14186,1
DB00338,DB14218,1
DB08880,DB14219,1
DB01083,DB14476,1
DB01044,DB14479,1
DB12235,DB14483,1
DB00852,DB14484,1
DB00537,DB14485,1
DB12235,DB14486,1
DB00537,DB14488,1
DB00852,DB14490,1
DB01044,DB14493,1
DB13821,DB14507,1
DB08880,DB14512,1
DB00537,DB14514,1
DB00537,DB14515,1
DB00537,DB14520,1
DB13821,DB14526,1
DB13821,DB14528,1
DB13821,DB14529,1
DB12095,DB14538,1
DB08880,DB14539,1
DB08880,DB14540,1
DB00328,DB14541,1
DB08953,DB14542,1
DB12095,DB14543,1
DB12095,DB14544,1
DB08880,DB14545,1
DB01873,DB14568,1
DB06770,DB14569,1
DB00328,DB14575,1
DB00682,DB14583,1
DB09139,DB14598,1
DB09139,DB14600,1
DB08880,DB14631,1
DB00328,DB14633,1
DB00682,DB14635,1
DB00328,DB14643,1
DB00328,DB14644,1
DB00328,DB14646,1
DB08880,DB14649,1
DB00328,DB14652,1
DB00328,DB14659,1
DB00328,DB14669,1
DB08953,DB14672,1
DB00682,DB14678,1
DB06770,DB14680,1
DB01873,DB14681,1
DB08953,DB14715,1
DB08953,DB14718,1
DB08953,DB14719,1
DB08953,DB14723,1
DB14055,DB14725,1
DB13821,DB14726,1
DB14055,DB14733,1
DB00328,DB14737,1
DB00781,DB13821,1
DB00682,DB14754,1
DB00682,DB14761,1
DB06770,DB14763,1
DB06770,DB14765,1
DB06770,DB14777,1
DB06770,DB14792,1
DB08880,DB14840,1
DB08880,DB14845,1
DB01235,DB14849,1
DB06770,DB14860,1
DB01194,DB14921,1
DB00328,DB14973,1
DB01873,DB14975,1
DB00080,DB14989,1
DB08953,DB15031,1
DB01873,DB15035,1
DB06770,DB15057,1
DB08880,DB15091,1
DB01873,DB15122,1
DB08953,DB15149,1
DB06770,DB15157,1
DB12890,DB15167,1
DB08953,DB15203,1
DB14055,DB15213,1
DB06770,DB15215,1
DB03410,DB15245,1
DB06770,DB15289,1
DB09262,DB15317,1
DB06770,DB15321,1
DB01083,DB15394,1
DB11256,DB15413,1
DB06770,DB15419,1
DB08880,DB15442,1
DB01873,DB15444,1
DB00391,DB15445,1
DB06770,DB15466,1
DB01420,DB15488,1
DB12890,DB15492,1
DB06663,DB15494,1
DB00328,DB15566,1
DB01194,DB15569,1
DB14055,DB15575,1
DB00537,DB15598,1
DB14652,DB15614,1
DB11417,DB15617,1
DB08880,DB15646,1
DB00682,DB15673,1
DB00328,DB15685,1
DB00947,DB15690,1
